{
  "date": "2021-02-21T00:17:54.598-08:00",
  "sdlcMetrics": {
    "bitBucketMetrics": {
      "totalRepositories": 1
    },
    "confluenceMetrics": {
      "totalPages": 0,
      "totalPagesCreatedInLast30Days": 0,
      "totalPagesUpdatedInLast30Days": 0,
      "topContributorsInLast30Days": {
        
      }
    },
    "jenkinsMetrics": {
      "totalJobs": null,
      "totalFailedJobs": null,
      "totalSuccessJobs": null,
      "totalUnexecutedJobs": null
    },
    "jiraMetrics": {
      "totalJiraTasksInBacklog": 6,
      "totalJiraTasksInSprint": 6,
      "totalJiraTasksByType": {
        "Task": 1,
        "Sub-task": 1
      },
      "totalJiraTasksByStatus": null
    },
    "splunkMetrics": {
      "totalDashboards": [
        
      ]
    }
  }
}