{
      "stats": {
        "production": {
          "requestCount": 104027,
          "details": [
	            {
	              "environmentName": "Production",
	              "environmentType": "Production",
	              "requestCount": 104027
	            }
	     	]
	     },
        "sandbox": {
          "requestCount": 312081,
          "details":[
	            {
	              "environmentName": "Development",
	              "environmentType": "Sandbox",
	              "requestCount": 104027
	            },
	            {
	              "environmentName": "Staging",
	              "environmentType": "Sandbox",
	              "requestCount": 104027
	            },
	            {
	              "environmentName": "Test",
	              "environmentType": "Sandbox",
	              "requestCount": 104027
	            }
			]
		}
      }
}